testcases/all_2.in:2> CREATE TABLE course (sid INT, homework INT, project INT, exam INT, grade STR20)

testcases/all_2.in:3> INSERT INTO course (sid, homework, project, exam, grade) VALUES (1, 99, 100, 100, "A")

testcases/all_2.in:4> INSERT INTO course (sid, homework, project, exam, grade) VALUES (3, 100, 100, 98, "C")

testcases/all_2.in:5> INSERT INTO course (sid, homework, project, exam, grade) VALUES (3, 100, 69, 64, "C")

testcases/all_2.in:6> INSERT INTO course (sid, homework, project, exam, grade) VALUES (15, 100, 50, 90, "E")

testcases/all_2.in:7> INSERT INTO course (sid, homework, project, exam, grade) VALUES (15, 100, 99, 100, "E")

testcases/all_2.in:8> INSERT INTO course (sid, homework, project, exam, grade) VALUES (17, 100, 100, 100, "A")

testcases/all_2.in:9> INSERT INTO course (sid, homework, project, exam, grade) VALUES (2, 100, 100, 99, "B")

testcases/all_2.in:10> INSERT INTO course (sid, homework, project, exam, grade) VALUES (4, 100, 100, 97, "D")

testcases/all_2.in:11> INSERT INTO course (sid, homework, project, exam, grade) VALUES (5, 100, 100, 66, "A")

testcases/all_2.in:12> INSERT INTO course (sid, homework, project, exam, grade) VALUES (6, 100, 100, 65, "B")

testcases/all_2.in:13> INSERT INTO course (sid, homework, project, exam, grade) VALUES (7, 100, 50, 73, "C")

testcases/all_2.in:14> INSERT INTO course (sid, homework, project, exam, grade) VALUES (8, 50, 50, 62, "C")

testcases/all_2.in:15> INSERT INTO course (sid, homework, project, exam, grade) VALUES (9, 50, 50, 61, "D")

testcases/all_2.in:16> INSERT INTO course (sid, homework, project, exam, grade) VALUES (10, 50, 70, 70, "C")

testcases/all_2.in:17> INSERT INTO course (sid, homework, project, exam, grade) VALUES (11, 50, 50, 59, "D")

testcases/all_2.in:18> INSERT INTO course (sid, homework, project, exam, grade) VALUES (12, 0, 70, 58, "C")

testcases/all_2.in:19> INSERT INTO course (sid, homework, project, exam, grade) VALUES (13, 0, 50, 77, "C")

testcases/all_2.in:20> INSERT INTO course (sid, homework, project, exam, grade) VALUES (14, 50, 50, 56, "D")

testcases/all_2.in:21> INSERT INTO course (sid, homework, project, exam, grade) VALUES (16, 0, 0, 0, "E")

testcases/all_2.in:22> INSERT INTO course (sid, homework, project, exam, grade) VALUES (16, 0, 0, 0, "E")

testcases/all_2.in:23> INSERT INTO course (sid, homework, project, exam, grade) VALUES (16, 0, 0, 0, "E")

testcases/all_2.in:24> INSERT INTO course (sid, homework, project, exam, grade) VALUES (16, 0, 0, 0, "E")

testcases/all_2.in:25> INSERT INTO course (sid, homework, project, exam, grade) VALUES (16, 0, 0, 0, "E")

testcases/all_2.in:26> INSERT INTO course (sid, homework, project, exam, grade) VALUES (16, 0, 0, 0, "E")

testcases/all_2.in:27> INSERT INTO course (sid, homework, project, exam, grade) VALUES (16, 0, 0, 0, "E")

testcases/all_2.in:28> INSERT INTO course (sid, homework, project, exam, grade) VALUES (16, 0, 0, 0, "E")

testcases/all_2.in:29> INSERT INTO course (sid, homework, project, exam, grade) VALUES (16, 0, 0, 0, "E")

testcases/all_2.in:30> INSERT INTO course (sid, homework, project, exam, grade) VALUES (16, 0, 0, 0, "E")

testcases/all_2.in:31> INSERT INTO course (sid, homework, project, exam, grade) VALUES (16, 0, 0, 0, "E")

testcases/all_2.in:32> INSERT INTO course (sid, homework, project, exam, grade) VALUES (16, 0, 0, 0, "E")

testcases/all_2.in:33> INSERT INTO course (sid, homework, project, exam, grade) VALUES (16, 0, 0, 0, "E")

testcases/all_2.in:34> INSERT INTO course (sid, homework, project, exam, grade) VALUES (16, 0, 0, 0, "E")

testcases/all_2.in:35> INSERT INTO course (sid, homework, project, exam, grade) VALUES (16, 0, 0, 0, "E")

testcases/all_2.in:36> INSERT INTO course (sid, homework, project, exam, grade) VALUES (16, 0, 0, 0, "E")

testcases/all_2.in:37> INSERT INTO course (sid, homework, project, exam, grade) VALUES (16, 0, 0, 0, "E")

testcases/all_2.in:38> INSERT INTO course (sid, homework, project, exam, grade) VALUES (16, 0, 0, 0, "E")

testcases/all_2.in:39> INSERT INTO course (sid, homework, project, exam, grade) VALUES (16, 0, 0, 0, "E")

testcases/all_2.in:40> INSERT INTO course (sid, homework, project, exam, grade) VALUES (16, 0, 0, 0, "E")

testcases/all_2.in:41> INSERT INTO course (sid, homework, project, exam, grade) VALUES (16, 0, 0, 0, "E")

testcases/all_2.in:42> INSERT INTO course (sid, homework, project, exam, grade) VALUES (16, 0, 0, 0, "E")

testcases/all_2.in:43> INSERT INTO course (sid, homework, project, exam, grade) VALUES (16, 0, 0, 0, "E")

testcases/all_2.in:44> INSERT INTO course (sid, homework, project, exam, grade) VALUES (16, 0, 0, 0, "E")

testcases/all_2.in:45> INSERT INTO course (sid, homework, project, exam, grade) VALUES (16, 0, 0, 0, "E")

testcases/all_2.in:46> INSERT INTO course (sid, homework, project, exam, grade) VALUES (16, 0, 0, 0, "E")

testcases/all_2.in:47> INSERT INTO course (sid, homework, project, exam, grade) VALUES (16, 0, 0, 0, "E")

testcases/all_2.in:48> INSERT INTO course (sid, homework, project, exam, grade) VALUES (16, 0, 0, 0, "E")

testcases/all_2.in:49> INSERT INTO course (sid, homework, project, exam, grade) VALUES (16, 0, 0, 0, "E")

testcases/all_2.in:50> INSERT INTO course (sid, homework, project, exam, grade) VALUES (16, 0, 0, 0, "E")

testcases/all_2.in:51> INSERT INTO course (sid, homework, project, exam, grade) VALUES (16, 0, 0, 0, "E")

testcases/all_2.in:52> INSERT INTO course (sid, homework, project, exam, grade) VALUES (16, 0, 0, 0, "E")

testcases/all_2.in:53> INSERT INTO course (sid, homework, project, exam, grade) VALUES (16, 0, 0, 0, "E")

testcases/all_2.in:54> INSERT INTO course (sid, homework, project, exam, grade) VALUES (16, 0, 0, 0, "E")

testcases/all_2.in:55> INSERT INTO course (sid, homework, project, exam, grade) VALUES (16, 0, 0, 0, "E")

testcases/all_2.in:56> INSERT INTO course (sid, homework, project, exam, grade) VALUES (16, 0, 0, 0, "E")

testcases/all_2.in:57> INSERT INTO course (sid, homework, project, exam, grade) VALUES (16, 0, 0, 0, "E")

testcases/all_2.in:58> INSERT INTO course (sid, homework, project, exam, grade) VALUES (16, 0, 0, 0, "E")

testcases/all_2.in:59> INSERT INTO course (sid, homework, project, exam, grade) VALUES (16, 0, 0, 0, "E")

testcases/all_2.in:60> INSERT INTO course (sid, homework, project, exam, grade) VALUES (16, 0, 0, 0, "E")

testcases/all_2.in:61> INSERT INTO course (sid, homework, project, exam, grade) VALUES (16, 0, 0, 0, "E")

testcases/all_2.in:62> INSERT INTO course (sid, homework, project, exam, grade) VALUES (17, 100, 100, 100, "A")

testcases/all_2.in:63> SELECT * FROM course
+-----+----------+---------+------+-------+
| sid | homework | project | exam | grade |
+-----+----------+---------+------+-------+
|   1 |       99 |     100 |  100 | A     |
+-----+----------+---------+------+-------+
|   3 |      100 |     100 |   98 | C     |
+-----+----------+---------+------+-------+
|   3 |      100 |      69 |   64 | C     |
+-----+----------+---------+------+-------+
|  15 |      100 |      50 |   90 | E     |
+-----+----------+---------+------+-------+
|  15 |      100 |      99 |  100 | E     |
+-----+----------+---------+------+-------+
|  17 |      100 |     100 |  100 | A     |
+-----+----------+---------+------+-------+
|   2 |      100 |     100 |   99 | B     |
+-----+----------+---------+------+-------+
|   4 |      100 |     100 |   97 | D     |
+-----+----------+---------+------+-------+
|   5 |      100 |     100 |   66 | A     |
+-----+----------+---------+------+-------+
|   6 |      100 |     100 |   65 | B     |
+-----+----------+---------+------+-------+
|   7 |      100 |      50 |   73 | C     |
+-----+----------+---------+------+-------+
|   8 |       50 |      50 |   62 | C     |
+-----+----------+---------+------+-------+
|   9 |       50 |      50 |   61 | D     |
+-----+----------+---------+------+-------+
|  10 |       50 |      70 |   70 | C     |
+-----+----------+---------+------+-------+
|  11 |       50 |      50 |   59 | D     |
+-----+----------+---------+------+-------+
|  12 |        0 |      70 |   58 | C     |
+-----+----------+---------+------+-------+
|  13 |        0 |      50 |   77 | C     |
+-----+----------+---------+------+-------+
|  14 |       50 |      50 |   56 | D     |
+-----+----------+---------+------+-------+
|  16 |        0 |       0 |    0 | E     |
+-----+----------+---------+------+-------+
|  16 |        0 |       0 |    0 | E     |
+-----+----------+---------+------+-------+
|  16 |        0 |       0 |    0 | E     |
+-----+----------+---------+------+-------+
|  16 |        0 |       0 |    0 | E     |
+-----+----------+---------+------+-------+
|  16 |        0 |       0 |    0 | E     |
+-----+----------+---------+------+-------+
|  16 |        0 |       0 |    0 | E     |
+-----+----------+---------+------+-------+
|  16 |        0 |       0 |    0 | E     |
+-----+----------+---------+------+-------+
|  16 |        0 |       0 |    0 | E     |
+-----+----------+---------+------+-------+
|  16 |        0 |       0 |    0 | E     |
+-----+----------+---------+------+-------+
|  16 |        0 |       0 |    0 | E     |
+-----+----------+---------+------+-------+
|  16 |        0 |       0 |    0 | E     |
+-----+----------+---------+------+-------+
|  16 |        0 |       0 |    0 | E     |
+-----+----------+---------+------+-------+
|  16 |        0 |       0 |    0 | E     |
+-----+----------+---------+------+-------+
|  16 |        0 |       0 |    0 | E     |
+-----+----------+---------+------+-------+
|  16 |        0 |       0 |    0 | E     |
+-----+----------+---------+------+-------+
|  16 |        0 |       0 |    0 | E     |
+-----+----------+---------+------+-------+
|  16 |        0 |       0 |    0 | E     |
+-----+----------+---------+------+-------+
|  16 |        0 |       0 |    0 | E     |
+-----+----------+---------+------+-------+
|  16 |        0 |       0 |    0 | E     |
+-----+----------+---------+------+-------+
|  16 |        0 |       0 |    0 | E     |
+-----+----------+---------+------+-------+
|  16 |        0 |       0 |    0 | E     |
+-----+----------+---------+------+-------+
|  16 |        0 |       0 |    0 | E     |
+-----+----------+---------+------+-------+
|  16 |        0 |       0 |    0 | E     |
+-----+----------+---------+------+-------+
|  16 |        0 |       0 |    0 | E     |
+-----+----------+---------+------+-------+
|  16 |        0 |       0 |    0 | E     |
+-----+----------+---------+------+-------+
|  16 |        0 |       0 |    0 | E     |
+-----+----------+---------+------+-------+
|  16 |        0 |       0 |    0 | E     |
+-----+----------+---------+------+-------+
|  16 |        0 |       0 |    0 | E     |
+-----+----------+---------+------+-------+
|  16 |        0 |       0 |    0 | E     |
+-----+----------+---------+------+-------+
|  16 |        0 |       0 |    0 | E     |
+-----+----------+---------+------+-------+
|  16 |        0 |       0 |    0 | E     |
+-----+----------+---------+------+-------+
|  16 |        0 |       0 |    0 | E     |
+-----+----------+---------+------+-------+
|  16 |        0 |       0 |    0 | E     |
+-----+----------+---------+------+-------+
|  16 |        0 |       0 |    0 | E     |
+-----+----------+---------+------+-------+
|  16 |        0 |       0 |    0 | E     |
+-----+----------+---------+------+-------+
|  16 |        0 |       0 |    0 | E     |
+-----+----------+---------+------+-------+
|  16 |        0 |       0 |    0 | E     |
+-----+----------+---------+------+-------+
|  16 |        0 |       0 |    0 | E     |
+-----+----------+---------+------+-------+
|  16 |        0 |       0 |    0 | E     |
+-----+----------+---------+------+-------+
|  16 |        0 |       0 |    0 | E     |
+-----+----------+---------+------+-------+
|  16 |        0 |       0 |    0 | E     |
+-----+----------+---------+------+-------+
|  17 |      100 |     100 |  100 | A     |
+-----+----------+---------+------+-------+
60 rows in set

testcases/all_2.in:64> SELECT sid, grade FROM course
+-----+-------+
| sid | grade |
+-----+-------+
|   1 | A     |
+-----+-------+
|   3 | C     |
+-----+-------+
|   3 | C     |
+-----+-------+
|  15 | E     |
+-----+-------+
|  15 | E     |
+-----+-------+
|  17 | A     |
+-----+-------+
|   2 | B     |
+-----+-------+
|   4 | D     |
+-----+-------+
|   5 | A     |
+-----+-------+
|   6 | B     |
+-----+-------+
|   7 | C     |
+-----+-------+
|   8 | C     |
+-----+-------+
|   9 | D     |
+-----+-------+
|  10 | C     |
+-----+-------+
|  11 | D     |
+-----+-------+
|  12 | C     |
+-----+-------+
|  13 | C     |
+-----+-------+
|  14 | D     |
+-----+-------+
|  16 | E     |
+-----+-------+
|  16 | E     |
+-----+-------+
|  16 | E     |
+-----+-------+
|  16 | E     |
+-----+-------+
|  16 | E     |
+-----+-------+
|  16 | E     |
+-----+-------+
|  16 | E     |
+-----+-------+
|  16 | E     |
+-----+-------+
|  16 | E     |
+-----+-------+
|  16 | E     |
+-----+-------+
|  16 | E     |
+-----+-------+
|  16 | E     |
+-----+-------+
|  16 | E     |
+-----+-------+
|  16 | E     |
+-----+-------+
|  16 | E     |
+-----+-------+
|  16 | E     |
+-----+-------+
|  16 | E     |
+-----+-------+
|  16 | E     |
+-----+-------+
|  16 | E     |
+-----+-------+
|  16 | E     |
+-----+-------+
|  16 | E     |
+-----+-------+
|  16 | E     |
+-----+-------+
|  16 | E     |
+-----+-------+
|  16 | E     |
+-----+-------+
|  16 | E     |
+-----+-------+
|  16 | E     |
+-----+-------+
|  16 | E     |
+-----+-------+
|  16 | E     |
+-----+-------+
|  16 | E     |
+-----+-------+
|  16 | E     |
+-----+-------+
|  16 | E     |
+-----+-------+
|  16 | E     |
+-----+-------+
|  16 | E     |
+-----+-------+
|  16 | E     |
+-----+-------+
|  16 | E     |
+-----+-------+
|  16 | E     |
+-----+-------+
|  16 | E     |
+-----+-------+
|  16 | E     |
+-----+-------+
|  16 | E     |
+-----+-------+
|  16 | E     |
+-----+-------+
|  16 | E     |
+-----+-------+
|  17 | A     |
+-----+-------+
60 rows in set

testcases/all_2.in:65> SELECT sid, course.grade FROM course
+-----+--------------+
| sid | course.grade |
+-----+--------------+
|   1 | A            |
+-----+--------------+
|   3 | C            |
+-----+--------------+
|   3 | C            |
+-----+--------------+
|  15 | E            |
+-----+--------------+
|  15 | E            |
+-----+--------------+
|  17 | A            |
+-----+--------------+
|   2 | B            |
+-----+--------------+
|   4 | D            |
+-----+--------------+
|   5 | A            |
+-----+--------------+
|   6 | B            |
+-----+--------------+
|   7 | C            |
+-----+--------------+
|   8 | C            |
+-----+--------------+
|   9 | D            |
+-----+--------------+
|  10 | C            |
+-----+--------------+
|  11 | D            |
+-----+--------------+
|  12 | C            |
+-----+--------------+
|  13 | C            |
+-----+--------------+
|  14 | D            |
+-----+--------------+
|  16 | E            |
+-----+--------------+
|  16 | E            |
+-----+--------------+
|  16 | E            |
+-----+--------------+
|  16 | E            |
+-----+--------------+
|  16 | E            |
+-----+--------------+
|  16 | E            |
+-----+--------------+
|  16 | E            |
+-----+--------------+
|  16 | E            |
+-----+--------------+
|  16 | E            |
+-----+--------------+
|  16 | E            |
+-----+--------------+
|  16 | E            |
+-----+--------------+
|  16 | E            |
+-----+--------------+
|  16 | E            |
+-----+--------------+
|  16 | E            |
+-----+--------------+
|  16 | E            |
+-----+--------------+
|  16 | E            |
+-----+--------------+
|  16 | E            |
+-----+--------------+
|  16 | E            |
+-----+--------------+
|  16 | E            |
+-----+--------------+
|  16 | E            |
+-----+--------------+
|  16 | E            |
+-----+--------------+
|  16 | E            |
+-----+--------------+
|  16 | E            |
+-----+--------------+
|  16 | E            |
+-----+--------------+
|  16 | E            |
+-----+--------------+
|  16 | E            |
+-----+--------------+
|  16 | E            |
+-----+--------------+
|  16 | E            |
+-----+--------------+
|  16 | E            |
+-----+--------------+
|  16 | E            |
+-----+--------------+
|  16 | E            |
+-----+--------------+
|  16 | E            |
+-----+--------------+
|  16 | E            |
+-----+--------------+
|  16 | E            |
+-----+--------------+
|  16 | E            |
+-----+--------------+
|  16 | E            |
+-----+--------------+
|  16 | E            |
+-----+--------------+
|  16 | E            |
+-----+--------------+
|  16 | E            |
+-----+--------------+
|  16 | E            |
+-----+--------------+
|  16 | E            |
+-----+--------------+
|  17 | A            |
+-----+--------------+
60 rows in set

testcases/all_2.in:66> SELECT DISTINCT grade FROM course
+-------+
| grade |
+-------+
| A     |
+-------+
| B     |
+-------+
| C     |
+-------+
| D     |
+-------+
| E     |
+-------+
5 rows in set

testcases/all_2.in:67> SELECT DISTINCT * FROM course
+-----+----------+---------+------+-------+
| sid | homework | project | exam | grade |
+-----+----------+---------+------+-------+
|   1 |       99 |     100 |  100 | A     |
+-----+----------+---------+------+-------+
|   2 |      100 |     100 |   99 | B     |
+-----+----------+---------+------+-------+
|   3 |      100 |      69 |   64 | C     |
+-----+----------+---------+------+-------+
|   3 |      100 |     100 |   98 | C     |
+-----+----------+---------+------+-------+
|   4 |      100 |     100 |   97 | D     |
+-----+----------+---------+------+-------+
|   5 |      100 |     100 |   66 | A     |
+-----+----------+---------+------+-------+
|   6 |      100 |     100 |   65 | B     |
+-----+----------+---------+------+-------+
|   7 |      100 |      50 |   73 | C     |
+-----+----------+---------+------+-------+
|   8 |       50 |      50 |   62 | C     |
+-----+----------+---------+------+-------+
|   9 |       50 |      50 |   61 | D     |
+-----+----------+---------+------+-------+
|  10 |       50 |      70 |   70 | C     |
+-----+----------+---------+------+-------+
|  11 |       50 |      50 |   59 | D     |
+-----+----------+---------+------+-------+
|  12 |        0 |      70 |   58 | C     |
+-----+----------+---------+------+-------+
|  13 |        0 |      50 |   77 | C     |
+-----+----------+---------+------+-------+
|  14 |       50 |      50 |   56 | D     |
+-----+----------+---------+------+-------+
|  15 |      100 |      50 |   90 | E     |
+-----+----------+---------+------+-------+
|  15 |      100 |      99 |  100 | E     |
+-----+----------+---------+------+-------+
|  16 |        0 |       0 |    0 | E     |
+-----+----------+---------+------+-------+
|  17 |      100 |     100 |  100 | A     |
+-----+----------+---------+------+-------+
19 rows in set

testcases/all_2.in:68> SELECT * FROM course ORDER BY exam
+-----+----------+---------+------+-------+
| sid | homework | project | exam | grade |
+-----+----------+---------+------+-------+
|  16 |        0 |       0 |    0 | E     |
+-----+----------+---------+------+-------+
|  16 |        0 |       0 |    0 | E     |
+-----+----------+---------+------+-------+
|  16 |        0 |       0 |    0 | E     |
+-----+----------+---------+------+-------+
|  16 |        0 |       0 |    0 | E     |
+-----+----------+---------+------+-------+
|  16 |        0 |       0 |    0 | E     |
+-----+----------+---------+------+-------+
|  16 |        0 |       0 |    0 | E     |
+-----+----------+---------+------+-------+
|  16 |        0 |       0 |    0 | E     |
+-----+----------+---------+------+-------+
|  16 |        0 |       0 |    0 | E     |
+-----+----------+---------+------+-------+
|  16 |        0 |       0 |    0 | E     |
+-----+----------+---------+------+-------+
|  16 |        0 |       0 |    0 | E     |
+-----+----------+---------+------+-------+
|  16 |        0 |       0 |    0 | E     |
+-----+----------+---------+------+-------+
|  16 |        0 |       0 |    0 | E     |
+-----+----------+---------+------+-------+
|  16 |        0 |       0 |    0 | E     |
+-----+----------+---------+------+-------+
|  16 |        0 |       0 |    0 | E     |
+-----+----------+---------+------+-------+
|  16 |        0 |       0 |    0 | E     |
+-----+----------+---------+------+-------+
|  16 |        0 |       0 |    0 | E     |
+-----+----------+---------+------+-------+
|  16 |        0 |       0 |    0 | E     |
+-----+----------+---------+------+-------+
|  16 |        0 |       0 |    0 | E     |
+-----+----------+---------+------+-------+
|  16 |        0 |       0 |    0 | E     |
+-----+----------+---------+------+-------+
|  16 |        0 |       0 |    0 | E     |
+-----+----------+---------+------+-------+
|  16 |        0 |       0 |    0 | E     |
+-----+----------+---------+------+-------+
|  16 |        0 |       0 |    0 | E     |
+-----+----------+---------+------+-------+
|  16 |        0 |       0 |    0 | E     |
+-----+----------+---------+------+-------+
|  16 |        0 |       0 |    0 | E     |
+-----+----------+---------+------+-------+
|  16 |        0 |       0 |    0 | E     |
+-----+----------+---------+------+-------+
|  16 |        0 |       0 |    0 | E     |
+-----+----------+---------+------+-------+
|  16 |        0 |       0 |    0 | E     |
+-----+----------+---------+------+-------+
|  16 |        0 |       0 |    0 | E     |
+-----+----------+---------+------+-------+
|  16 |        0 |       0 |    0 | E     |
+-----+----------+---------+------+-------+
|  16 |        0 |       0 |    0 | E     |
+-----+----------+---------+------+-------+
|  16 |        0 |       0 |    0 | E     |
+-----+----------+---------+------+-------+
|  16 |        0 |       0 |    0 | E     |
+-----+----------+---------+------+-------+
|  16 |        0 |       0 |    0 | E     |
+-----+----------+---------+------+-------+
|  16 |        0 |       0 |    0 | E     |
+-----+----------+---------+------+-------+
|  16 |        0 |       0 |    0 | E     |
+-----+----------+---------+------+-------+
|  16 |        0 |       0 |    0 | E     |
+-----+----------+---------+------+-------+
|  16 |        0 |       0 |    0 | E     |
+-----+----------+---------+------+-------+
|  16 |        0 |       0 |    0 | E     |
+-----+----------+---------+------+-------+
|  16 |        0 |       0 |    0 | E     |
+-----+----------+---------+------+-------+
|  16 |        0 |       0 |    0 | E     |
+-----+----------+---------+------+-------+
|  16 |        0 |       0 |    0 | E     |
+-----+----------+---------+------+-------+
|  14 |       50 |      50 |   56 | D     |
+-----+----------+---------+------+-------+
|  12 |        0 |      70 |   58 | C     |
+-----+----------+---------+------+-------+
|  11 |       50 |      50 |   59 | D     |
+-----+----------+---------+------+-------+
|   9 |       50 |      50 |   61 | D     |
+-----+----------+---------+------+-------+
|   8 |       50 |      50 |   62 | C     |
+-----+----------+---------+------+-------+
|   3 |      100 |      69 |   64 | C     |
+-----+----------+---------+------+-------+
|   6 |      100 |     100 |   65 | B     |
+-----+----------+---------+------+-------+
|   5 |      100 |     100 |   66 | A     |
+-----+----------+---------+------+-------+
|  10 |       50 |      70 |   70 | C     |
+-----+----------+---------+------+-------+
|   7 |      100 |      50 |   73 | C     |
+-----+----------+---------+------+-------+
|  13 |        0 |      50 |   77 | C     |
+-----+----------+---------+------+-------+
|  15 |      100 |      50 |   90 | E     |
+-----+----------+---------+------+-------+
|   4 |      100 |     100 |   97 | D     |
+-----+----------+---------+------+-------+
|   3 |      100 |     100 |   98 | C     |
+-----+----------+---------+------+-------+
|   2 |      100 |     100 |   99 | B     |
+-----+----------+---------+------+-------+
|   1 |       99 |     100 |  100 | A     |
+-----+----------+---------+------+-------+
|  15 |      100 |      99 |  100 | E     |
+-----+----------+---------+------+-------+
|  17 |      100 |     100 |  100 | A     |
+-----+----------+---------+------+-------+
|  17 |      100 |     100 |  100 | A     |
+-----+----------+---------+------+-------+
60 rows in set

testcases/all_2.in:69> SELECT * FROM course WHERE exam = 100
+-----+----------+---------+------+-------+
| sid | homework | project | exam | grade |
+-----+----------+---------+------+-------+
|   1 |       99 |     100 |  100 | A     |
+-----+----------+---------+------+-------+
|  15 |      100 |      99 |  100 | E     |
+-----+----------+---------+------+-------+
|  17 |      100 |     100 |  100 | A     |
+-----+----------+---------+------+-------+
|  17 |      100 |     100 |  100 | A     |
+-----+----------+---------+------+-------+
4 rows in set

testcases/all_2.in:70> SELECT * FROM course WHERE grade = "A"
+-----+----------+---------+------+-------+
| sid | homework | project | exam | grade |
+-----+----------+---------+------+-------+
|   5 |      100 |     100 |   66 | A     |
+-----+----------+---------+------+-------+
|   1 |       99 |     100 |  100 | A     |
+-----+----------+---------+------+-------+
|  17 |      100 |     100 |  100 | A     |
+-----+----------+---------+------+-------+
|  17 |      100 |     100 |  100 | A     |
+-----+----------+---------+------+-------+
4 rows in set

testcases/all_2.in:71> SELECT * FROM course WHERE exam = 100 AND project = 100
+-----+----------+---------+------+-------+
| sid | homework | project | exam | grade |
+-----+----------+---------+------+-------+
|   1 |       99 |     100 |  100 | A     |
+-----+----------+---------+------+-------+
|  17 |      100 |     100 |  100 | A     |
+-----+----------+---------+------+-------+
|  17 |      100 |     100 |  100 | A     |
+-----+----------+---------+------+-------+
3 rows in set

testcases/all_2.in:72> SELECT * FROM course WHERE exam = 100 OR exam = 99
+-----+----------+---------+------+-------+
| sid | homework | project | exam | grade |
+-----+----------+---------+------+-------+
|   2 |      100 |     100 |   99 | B     |
+-----+----------+---------+------+-------+
|   1 |       99 |     100 |  100 | A     |
+-----+----------+---------+------+-------+
|  15 |      100 |      99 |  100 | E     |
+-----+----------+---------+------+-------+
|  17 |      100 |     100 |  100 | A     |
+-----+----------+---------+------+-------+
|  17 |      100 |     100 |  100 | A     |
+-----+----------+---------+------+-------+
5 rows in set

testcases/all_2.in:73> SELECT * FROM course WHERE NOT exam = 0
+-----+----------+---------+------+-------+
| sid | homework | project | exam | grade |
+-----+----------+---------+------+-------+
|  14 |       50 |      50 |   56 | D     |
+-----+----------+---------+------+-------+
|  12 |        0 |      70 |   58 | C     |
+-----+----------+---------+------+-------+
|  11 |       50 |      50 |   59 | D     |
+-----+----------+---------+------+-------+
|   9 |       50 |      50 |   61 | D     |
+-----+----------+---------+------+-------+
|   8 |       50 |      50 |   62 | C     |
+-----+----------+---------+------+-------+
|   3 |      100 |      69 |   64 | C     |
+-----+----------+---------+------+-------+
|   6 |      100 |     100 |   65 | B     |
+-----+----------+---------+------+-------+
|   5 |      100 |     100 |   66 | A     |
+-----+----------+---------+------+-------+
|  10 |       50 |      70 |   70 | C     |
+-----+----------+---------+------+-------+
|   7 |      100 |      50 |   73 | C     |
+-----+----------+---------+------+-------+
|  13 |        0 |      50 |   77 | C     |
+-----+----------+---------+------+-------+
|  15 |      100 |      50 |   90 | E     |
+-----+----------+---------+------+-------+
|   4 |      100 |     100 |   97 | D     |
+-----+----------+---------+------+-------+
|   3 |      100 |     100 |   98 | C     |
+-----+----------+---------+------+-------+
|   2 |      100 |     100 |   99 | B     |
+-----+----------+---------+------+-------+
|   1 |       99 |     100 |  100 | A     |
+-----+----------+---------+------+-------+
|  15 |      100 |      99 |  100 | E     |
+-----+----------+---------+------+-------+
|  17 |      100 |     100 |  100 | A     |
+-----+----------+---------+------+-------+
|  17 |      100 |     100 |  100 | A     |
+-----+----------+---------+------+-------+
19 rows in set

testcases/all_2.in:74> SELECT * FROM course WHERE exam > 70
+-----+----------+---------+------+-------+
| sid | homework | project | exam | grade |
+-----+----------+---------+------+-------+
|   7 |      100 |      50 |   73 | C     |
+-----+----------+---------+------+-------+
|  13 |        0 |      50 |   77 | C     |
+-----+----------+---------+------+-------+
|  15 |      100 |      50 |   90 | E     |
+-----+----------+---------+------+-------+
|   4 |      100 |     100 |   97 | D     |
+-----+----------+---------+------+-------+
|   3 |      100 |     100 |   98 | C     |
+-----+----------+---------+------+-------+
|   2 |      100 |     100 |   99 | B     |
+-----+----------+---------+------+-------+
|   1 |       99 |     100 |  100 | A     |
+-----+----------+---------+------+-------+
|  15 |      100 |      99 |  100 | E     |
+-----+----------+---------+------+-------+
|  17 |      100 |     100 |  100 | A     |
+-----+----------+---------+------+-------+
|  17 |      100 |     100 |  100 | A     |
+-----+----------+---------+------+-------+
10 rows in set

testcases/all_2.in:75> SELECT * FROM course WHERE exam = 100 OR homework = 100 AND project = 100
+-----+----------+---------+------+-------+
| sid | homework | project | exam | grade |
+-----+----------+---------+------+-------+
|   6 |      100 |     100 |   65 | B     |
+-----+----------+---------+------+-------+
|   5 |      100 |     100 |   66 | A     |
+-----+----------+---------+------+-------+
|   4 |      100 |     100 |   97 | D     |
+-----+----------+---------+------+-------+
|   3 |      100 |     100 |   98 | C     |
+-----+----------+---------+------+-------+
|   2 |      100 |     100 |   99 | B     |
+-----+----------+---------+------+-------+
|   1 |       99 |     100 |  100 | A     |
+-----+----------+---------+------+-------+
|  15 |      100 |      99 |  100 | E     |
+-----+----------+---------+------+-------+
|  17 |      100 |     100 |  100 | A     |
+-----+----------+---------+------+-------+
|  17 |      100 |     100 |  100 | A     |
+-----+----------+---------+------+-------+
9 rows in set

testcases/all_2.in:76> SELECT * FROM course WHERE [ exam = 100 OR homework = 100 ] AND project = 100
+-----+----------+---------+------+-------+
| sid | homework | project | exam | grade |
+-----+----------+---------+------+-------+
|   6 |      100 |     100 |   65 | B     |
+-----+----------+---------+------+-------+
|   5 |      100 |     100 |   66 | A     |
+-----+----------+---------+------+-------+
|   4 |      100 |     100 |   97 | D     |
+-----+----------+---------+------+-------+
|   3 |      100 |     100 |   98 | C     |
+-----+----------+---------+------+-------+
|   2 |      100 |     100 |   99 | B     |
+-----+----------+---------+------+-------+
|   1 |       99 |     100 |  100 | A     |
+-----+----------+---------+------+-------+
|  17 |      100 |     100 |  100 | A     |
+-----+----------+---------+------+-------+
|  17 |      100 |     100 |  100 | A     |
+-----+----------+---------+------+-------+
8 rows in set

testcases/all_2.in:77> SELECT * FROM course WHERE exam + homework = 200
+-----+----------+---------+------+-------+
| sid | homework | project | exam | grade |
+-----+----------+---------+------+-------+
|  15 |      100 |      99 |  100 | E     |
+-----+----------+---------+------+-------+
|  17 |      100 |     100 |  100 | A     |
+-----+----------+---------+------+-------+
|  17 |      100 |     100 |  100 | A     |
+-----+----------+---------+------+-------+
3 rows in set

testcases/all_2.in:78> SELECT * FROM course WHERE ( exam * 30 + homework * 20 + project * 50 ) / 100 = 100
+-----+----------+---------+------+-------+
| sid | homework | project | exam | grade |
+-----+----------+---------+------+-------+
|  17 |      100 |     100 |  100 | A     |
+-----+----------+---------+------+-------+
|  17 |      100 |     100 |  100 | A     |
+-----+----------+---------+------+-------+
2 rows in set

testcases/all_2.in:79> SELECT * FROM course WHERE grade = "C" AND [ exam > 70 OR project > 70 ] AND NOT ( exam * 30 + homework * 20 + project * 50 ) / 100 < 60
+-----+----------+---------+------+-------+
| sid | homework | project | exam | grade |
+-----+----------+---------+------+-------+
|   7 |      100 |      50 |   73 | C     |
+-----+----------+---------+------+-------+
|   3 |      100 |     100 |   98 | C     |
+-----+----------+---------+------+-------+
2 rows in set

